类型,名称,RSS
焦点,国内,http://news.baidu.com/n?cmd=1&class=civilnews&tn=rss
焦点,台湾,http://news.baidu.com/n?cmd=1&class=taiwan&tn=rss
焦点,港澳,http://news.baidu.com/n?cmd=1&class=gangaotai&tn=rss
焦点,国际,http://news.baidu.com/n?cmd=1&class=internews&tn=rss
焦点,环球视野,http://news.baidu.com/n?cmd=1&class=hqsy&tn=rss
焦点,国际人物,http://news.baidu.com/n?cmd=1&class=renwu&tn=rss
焦点,军事,http://news.baidu.com/n?cmd=1&class=mil&tn=rss
焦点,中国军情,http://news.baidu.com/n?cmd=1&class=zhongguojq&tn=rss
焦点,台海聚焦,http://news.baidu.com/n?cmd=1&class=taihaijj&tn=rss
焦点,国际军情,http://news.baidu.com/n?cmd=1&class=guojijq&tn=rss
焦点,财经,http://news.baidu.com/n?cmd=1&class=finannews&tn=rss
焦点,股票,http://news.baidu.com/n?cmd=1&class=stock&tn=rss
焦点,理财,http://news.baidu.com/n?cmd=1&class=money&tn=rss
焦点,宏观经济,http://news.baidu.com/n?cmd=1&class=hongguan&tn=rss
焦点,产业经济,http://news.baidu.com/n?cmd=1&class=chanye&tn=rss
焦点,互联网,http://news.baidu.com/n?cmd=1&class=internet&tn=rss
焦点,人物动态,http://news.baidu.com/n?cmd=1&class=rwdt&tn=rss
焦点,公司动态,http://news.baidu.com/n?cmd=1&class=gsdt&tn=rss
焦点,搜索引擎,http://news.baidu.com/n?cmd=1&class=search_engine&tn=rss
焦点,电子商务,http://news.baidu.com/n?cmd=1&class=e_commerce&tn=rss
焦点,网络游戏,http://news.baidu.com/n?cmd=1&class=online_game&tn=rss
焦点,房产,http://news.baidu.com/n?cmd=1&class=housenews&tn=rss
焦点,各地动态,http://news.baidu.com/n?cmd=1&class=gddt&tn=rss
焦点,政策风向,http://news.baidu.com/n?cmd=1&class=zcfx&tn=rss
焦点,市场走势,http://news.baidu.com/n?cmd=1&class=shichangzoushi&tn=rss
焦点,家居,http://news.baidu.com/n?cmd=1&class=fitment&tn=rss
焦点,汽车,http://news.baidu.com/n?cmd=1&class=autonews&tn=rss
焦点,新车,http://news.baidu.com/n?cmd=1&class=autobuy&tn=rss
焦点,导购,http://news.baidu.com/n?cmd=1&class=daogou&tn=rss
焦点,各地行情,http://news.baidu.com/n?cmd=1&class=hangqing&tn=rss
焦点,维修养护,http://news.baidu.com/n?cmd=1&class=weixiu&tn=rss
焦点,体育,http://news.baidu.com/n?cmd=1&class=sportnews&tn=rss
焦点,NBA,http://news.baidu.com/n?cmd=1&class=nba&tn=rss
焦点,国际足球,http://news.baidu.com/n?cmd=1&class=worldsoccer&tn=rss
焦点,国内足球,http://news.baidu.com/n?cmd=1&class=chinasoccer&tn=rss
焦点,CBA,http://news.baidu.com/n?cmd=1&class=cba&tn=rss
焦点,综合体育,http://news.baidu.com/n?cmd=1&class=othersports&tn=rss
焦点,娱乐,http://news.baidu.com/n?cmd=1&class=enternews&tn=rss
焦点,明星,http://news.baidu.com/n?cmd=1&class=star&tn=rss
焦点,电影,http://news.baidu.com/n?cmd=1&class=film&tn=rss
焦点,电视,http://news.baidu.com/n?cmd=1&class=tv&tn=rss
焦点,音乐,http://news.baidu.com/n?cmd=1&class=music&tn=rss
焦点,综艺,http://news.baidu.com/n?cmd=1&class=zongyi&tn=rss
焦点,演出,http://news.baidu.com/n?cmd=1&class=yanchu&tn=rss
焦点,奖项,http://news.baidu.com/n?cmd=1&class=jiangxiang&tn=rss
焦点,游戏,http://news.baidu.com/n?cmd=1&class=gamenews&tn=rss
焦点,网络游戏,http://news.baidu.com/n?cmd=1&class=netgames&tn=rss
焦点,电视游戏,http://news.baidu.com/n?cmd=1&class=tvgames&tn=rss
焦点,电子竞技,http://news.baidu.com/n?cmd=1&class=dianzijingji&tn=rss
焦点,热门游戏,http://news.baidu.com/n?cmd=1&class=remenyouxi&tn=rss
焦点,魔兽世界,http://news.baidu.com/n?cmd=1&class=WOW&tn=rss
焦点,教育,http://news.baidu.com/n?cmd=1&class=edunews&tn=rss
焦点,考试,http://news.baidu.com/n?cmd=1&class=exams&tn=rss
焦点,留学,http://news.baidu.com/n?cmd=1&class=abroad&tn=rss
焦点,就业,http://news.baidu.com/n?cmd=1&class=jiuye&tn=rss
焦点,女人,http://news.baidu.com/n?cmd=1&class=healthnews&tn=rss
焦点,潮流服饰,http://news.baidu.com/n?cmd=1&class=chaoliufs&tn=rss
焦点,美容护肤,http://news.baidu.com/n?cmd=1&class=meironghf&tn=rss
焦点,减肥健身,http://news.baidu.com/n?cmd=1&class=jianfei&tn=rss
焦点,情感两性,http://news.baidu.com/n?cmd=1&class=qinggan&tn=rss
焦点,健康养生,http://news.baidu.com/n?cmd=1&class=jiankang&tn=rss
焦点,科技,http://news.baidu.com/n?cmd=1&class=technnews&tn=rss
焦点,手机,http://news.baidu.com/n?cmd=1&class=cell&tn=rss
焦点,数码,http://news.baidu.com/n?cmd=1&class=digital&tn=rss
焦点,电脑,http://news.baidu.com/n?cmd=1&class=computer&tn=rss
焦点,科普,http://news.baidu.com/n?cmd=1&class=discovery&tn=rss
焦点,社会,http://news.baidu.com/n?cmd=1&class=socianews&tn=rss
焦点,社会与法,http://news.baidu.com/n?cmd=1&class=shyf&tn=rss
焦点,社会万象,http://news.baidu.com/n?cmd=1&class=shwx&tn=rss
焦点,真情时刻,http://news.baidu.com/n?cmd=1&class=zqsk&tn=rss
焦点,奇闻异事,http://news.baidu.com/n?cmd=1&class=qwys&tn=rss
最新,国内,http://news.baidu.com/n?cmd=4&class=civilnews&tn=rss
最新,时政要闻,http://news.baidu.com/n?cmd=4&class=shizheng&tn=rss
最新,高层动态,http://news.baidu.com/n?cmd=4&class=gaoceng&tn=rss
最新,人事任免,http://news.baidu.com/n?cmd=4&class=gaoceng&tn=rss
最新,台湾,http://news.baidu.com/n?cmd=4&class=taiwan&tn=rss
最新,历史档案,http://news.baidu.com/n?cmd=4&class=lishi&tn=rss
最新,台湾民生,http://news.baidu.com/n?cmd=4&class=twms&tn=rss
最新,港澳,http://news.baidu.com/n?cmd=4&class=twms&tn=rss
最新,国际,http://news.baidu.com/n?cmd=4&class=internews&tn=rss
最新,环球视野,http://news.baidu.com/n?cmd=4&class=hqsy&tn=rss
最新,国际人物,http://news.baidu.com/n?cmd=4&class=renwu&tn=rss
最新,军事,http://news.baidu.com/n?cmd=4&class=mil&tn=rss
最新,中国军情,http://news.baidu.com/n?cmd=4&class=zhongguojq&tn=rss
最新,台海聚焦,http://news.baidu.com/n?cmd=4&class=taihaijj&tn=rss
最新,国际军情,http://news.baidu.com/n?cmd=4&class=guojijq&tn=rss
最新,财经,http://news.baidu.com/n?cmd=4&class=finannews&tn=rss
最新,股票,http://news.baidu.com/n?cmd=4&class=stock&tn=rss
最新,大盘,http://news.baidu.com/n?cmd=4&class=dapan&tn=rss
最新,个股,http://news.baidu.com/n?cmd=4&class=gegu&tn=rss
最新,新股,http://news.baidu.com/n?cmd=4&class=xingu&tn=rss
最新,权证,http://news.baidu.com/n?cmd=4&class=warrant&tn=rss
最新,理财,http://news.baidu.com/n?cmd=4&class=money&tn=rss
最新,基金,http://news.baidu.com/n?cmd=4&class=fund&tn=rss
最新,银行,http://news.baidu.com/n?cmd=4&class=bank&tn=rss
最新,贵金属,http://news.baidu.com/n?cmd=4&class=nmetal&tn=rss
最新,保险,http://news.baidu.com/n?cmd=4&class=insurance&tn=rss
最新,外汇,http://news.baidu.com/n?cmd=4&class=forex&tn=rss
最新,期货,http://news.baidu.com/n?cmd=4&class=futures&tn=rss
最新,宏观经济,http://news.baidu.com/n?cmd=4&class=hongguan&tn=rss
最新,国内,http://news.baidu.com/n?cmd=4&class=hg_guonei&tn=rss
最新,国际,http://news.baidu.com/n?cmd=4&class=hg_guoji&tn=rss
最新,产业经济,http://news.baidu.com/n?cmd=4&class=chanye&tn=rss
最新,互联网,http://news.baidu.com/n?cmd=4&class=internet&tn=rss
最新,人物动态,http://news.baidu.com/n?cmd=4&class=rwdt&tn=rss
最新,公司动态,http://news.baidu.com/n?cmd=4&class=gsdt&tn=rss
最新,搜索引擎,http://news.baidu.com/n?cmd=4&class=search_engine&tn=rss
最新,电子商务,http://news.baidu.com/n?cmd=4&class=e_commerce&tn=rss
最新,网络游戏,http://news.baidu.com/n?cmd=4&class=online_game&tn=rss
最新,房产,http://news.baidu.com/n?cmd=4&class=housenews&tn=rss
最新,各地动态,http://news.baidu.com/n?cmd=4&class=gddt&tn=rss
最新,政策风向,http://news.baidu.com/n?cmd=4&class=zcfx&tn=rss
最新,市场走势,http://news.baidu.com/n?cmd=4&class=shichangzoushi&tn=rss
最新,家居,http://news.baidu.com/n?cmd=4&class=fitment&tn=rss
最新,汽车,http://news.baidu.com/n?cmd=4&class=autonews&tn=rss
最新,新车,http://news.baidu.com/n?cmd=4&class=autobuy&tn=rss
最新,导购,http://news.baidu.com/n?cmd=4&class=daogou&tn=rss
最新,各地行情,http://news.baidu.com/n?cmd=4&class=hangqing&tn=rss
最新,维修养护,http://news.baidu.com/n?cmd=4&class=weixiu&tn=rss
最新,体育,http://news.baidu.com/n?cmd=4&class=sportnews&tn=rss
最新,NBA,http://news.baidu.com/n?cmd=4&class=nba&tn=rss
最新,姚明-火箭,http://news.baidu.com/n?cmd=4&class=yaoming&tn=rss
最新,易建联-篮网,http://news.baidu.com/n?cmd=4&class=yijianlian&tn=rss
最新,国际足球,http://news.baidu.com/n?cmd=4&class=worldsoccer&tn=rss
最新,英超,http://news.baidu.com/n?cmd=4&class=Yingchao&tn=rss
最新,意甲,http://news.baidu.com/n?cmd=4&class=Yijia&tn=rss
最新,西甲,http://news.baidu.com/n?cmd=4&class=Xijia&tn=rss
最新,足球明星,http://news.baidu.com/n?cmd=4&class=Zq_star&tn=rss
最新,曼联,http://news.baidu.com/n?cmd=4&class=Manutd&tn=rss
最新,阿森纳,http://news.baidu.com/n?cmd=4&class=Arsenal&tn=rss
最新,切尔西,http://news.baidu.com/n?cmd=4&class=Chelsea&tn=rss
最新,利物浦,http://news.baidu.com/n?cmd=4&class=Liverpool&tn=rss
最新,AC米兰,http://news.baidu.com/n?cmd=4&class=ACMilan&tn=rss
最新,国际米兰,http://news.baidu.com/n?cmd=4&class=InterMilan&tn=rss
最新,尤文图斯,http://news.baidu.com/n?cmd=4&class=Juventus&tn=rss
最新,皇马,http://news.baidu.com/n?cmd=4&class=RealMadrid&tn=rss
最新,巴塞罗那,http://news.baidu.com/n?cmd=4&class=Barcelona&tn=rss
最新,拜仁,http://news.baidu.com/n?cmd=4&class=Bayen&tn=rss
最新,国内足球,http://news.baidu.com/n?cmd=4&class=chinasoccer&tn=rss
最新,男足,http://news.baidu.com/n?cmd=4&class=nanzu&tn=rss
最新,女足,http://news.baidu.com/n?cmd=4&class=nvzu&tn=rss
最新,中超,http://news.baidu.com/n?cmd=4&class=zhongchao&tn=rss
最新,球迷,http://news.baidu.com/n?cmd=4&class=cn_qiumi&tn=rss
最新,CBA,http://news.baidu.com/n?cmd=4&class=cba&tn=rss
最新,赛事,http://news.baidu.com/n?cmd=4&class=cba_match&tn=rss
最新,综合体育,http://news.baidu.com/n?cmd=4&class=othersports&tn=rss
最新,排球,http://news.baidu.com/n?cmd=4&class=volleyball&tn=rss
最新,乒乓球,http://news.baidu.com/n?cmd=4&class=table-tennis&tn=rss
最新,羽毛球,http://news.baidu.com/n?cmd=4&class=badminton&tn=rss
最新,田径,http://news.baidu.com/n?cmd=4&class=Athletics&tn=rss
最新,游泳,http://news.baidu.com/n?cmd=4&class=swimming&tn=rss
最新,体操,http://news.baidu.com/n?cmd=4&class=Gymnastics&tn=rss
最新,网球,http://news.baidu.com/n?cmd=4&class=volleyball&tn=rss
最新,赛车,http://news.baidu.com/n?cmd=4&class=F1&tn=rss
最新,拳击,http://news.baidu.com/n?cmd=4&class=boxing&tn=rss
最新,台球,http://news.baidu.com/n?cmd=4&class=billiards&tn=rss
最新,娱乐,http://news.baidu.com/n?cmd=4&class=enternews&tn=rss
最新,明星,http://news.baidu.com/n?cmd=4&class=star&tn=rss
最新,爆料,http://news.baidu.com/n?cmd=4&class=star_chuanwen&pn=1
最新,港台,http://news.baidu.com/n?cmd=4&class=star_gangtai&pn=1
最新,内地,http://news.baidu.com/n?cmd=4&class=star_neidi&pn=1
最新,欧美,http://news.baidu.com/n?cmd=4&class=star_oumei&pn=1
最新,日韩,http://news.baidu.com/n?cmd=4&class=star_rihan&pn=1
最新,电影,http://news.baidu.com/n?cmd=4&class=film&tn=rss
最新,电影花絮,http://news.baidu.com/n?cmd=4&class=film_huaxu&tn=rss
最新,电视,http://news.baidu.com/n?cmd=4&class=tv&tn=rss
最新,剧评,http://news.baidu.com/n?cmd=4&class=tv_jupin&tn=rss
最新,音乐,http://news.baidu.com/n?cmd=4&class=music&tn=rss
最新,综艺,http://news.baidu.com/n?cmd=4&class=zongyi&tn=rss
最新,演出,http://news.baidu.com/n?cmd=4&class=yanchu&tn=rss
最新,游戏,http://news.baidu.com/n?cmd=4&class=gamenews&tn=rss
最新,网络游戏,http://news.baidu.com/n?cmd=4&class=netgames&tn=rss
最新,电视游戏,http://news.baidu.com/n?cmd=4&class=tvgames&tn=rss
最新,电子竞技,http://news.baidu.com/n?cmd=4&class=dianzijingji&tn=rss
最新,热门游戏,http://news.baidu.com/n?cmd=4&class=remenyouxi&tn=rss
最新,魔兽世界,http://news.baidu.com/n?cmd=4&class=WOW&tn=rss
最新,教育,http://news.baidu.com/n?cmd=4&class=edunews&tn=rss
最新,考试,http://news.baidu.com/n?cmd=4&class=exams&tn=rss
最新,中考,http://news.baidu.com/n?cmd=4&class=zhongkao&tn=rss
最新,高考,http://news.baidu.com/n?cmd=4&class=gaokao&tn=rss
最新,考研,http://news.baidu.com/n?cmd=4&class=kaoyan&tn=rss
最新,公务员考试,http://news.baidu.com/n?cmd=4&class=gongwuyuan&tn=rss
最新,资格考试,http://news.baidu.com/n?cmd=4&class=zigekaoshi&tn=rss
最新,留学,http://news.baidu.com/n?cmd=4&class=abroad&tn=rss
最新,就业,http://news.baidu.com/n?cmd=4&class=jiuye&tn=rss
最新,女人,http://news.baidu.com/n?cmd=4&class=healthnews&tn=rss
最新,潮流服饰,http://news.baidu.com/n?cmd=4&class=chaoliufs&tn=rss
最新,女性职场,http://news.baidu.com/n?cmd=4&class=nvrentx&tn=rss
最新,型男时尚,http://news.baidu.com/n?cmd=4&class=xingnanss&tn=rss
最新,美容护肤,http://news.baidu.com/n?cmd=4&class=meironghf&tn=rss
最新,亲子母婴,http://news.baidu.com/n?cmd=4&class=qinzimy&tn=rss
最新,婚嫁新人,http://news.baidu.com/n?cmd=4&class=hunjia&tn=rss
最新,减肥健身,http://news.baidu.com/n?cmd=4&class=jianfei&tn=rss
最新,情感两性,http://news.baidu.com/n?cmd=4&class=qinggan&tn=rss
最新,星座,http://news.baidu.com/n?cmd=4&class=xingzuo&tn=rss
最新,健康养生,http://news.baidu.com/n?cmd=4&class=jiankang&tn=rss
最新,美食健康,http://news.baidu.com/n?cmd=4&class=meishijk&tn=rss
最新,保健养生,http://news.baidu.com/n?cmd=4&class=baojian&tn=rss
最新,科技,http://news.baidu.com/n?cmd=4&class=technnews&tn=rss
最新,手机,http://news.baidu.com/n?cmd=4&class=cell&tn=rss
最新,手机新品,http://news.baidu.com/n?cmd=4&class=cell_xinpin&tn=rss
最新,手机导购,http://news.baidu.com/n?cmd=4&class=cell_daogou&tn=rss
最新,手机行情,http://news.baidu.com/n?cmd=4&class=cell_hangqing&tn=rss
最新,数码,http://news.baidu.com/n?cmd=4&class=digital&tn=rss
最新,数码新品,http://news.baidu.com/n?cmd=4&class=digital_xinpin&tn=rss
最新,数码导购,http://news.baidu.com/n?cmd=4&class=digital_daogou&tn=rss
最新,数码行情,http://news.baidu.com/n?cmd=4&class=digital_hq&tn=rss
最新,电脑,http://news.baidu.com/n?cmd=4&class=computer&tn=rss
最新,电脑新品,http://news.baidu.com/n?cmd=4&class=comp_xinpin&tn=rss
最新,电脑导购,http://news.baidu.com/n?cmd=4&class=comp_daogou&tn=rss
最新,电脑行情,http://news.baidu.com/n?cmd=4&class=comp_hangqing&tn=rss
最新,科普,http://news.baidu.com/n?cmd=4&class=discovery&tn=rss
最新,社会,http://news.baidu.com/n?cmd=4&class=socianews&tn=rss
最新,社会与法,http://news.baidu.com/n?cmd=4&class=shyf&tn=rss
最新,社会万象,http://news.baidu.com/n?cmd=4&class=shwx&tn=rss
最新,真情时刻,http://news.baidu.com/n?cmd=4&class=zqsk&tn=rss
最新,奇闻异事,http://news.baidu.com/n?cmd=4&class=qwys&tn=rss
